{
    "root_group": {
        "name": "",
        "path": "",
        "id": "d41d8cd98f00b204e9800998ecf8427e",
        "groups": {},
        "checks": {
                "status es 200": {
                    "path": "::status es 200",
                    "id": "c8f562f01bcdf8f7be8c15f6ad60295d",
                    "passes": 18573,
                    "fails": 0,
                    "name": "status es 200"
                }
            }
    },
    "metrics": {
        "http_req_connecting": {
            "avg": 0.001894841974909815,
            "min": 0,
            "med": 0,
            "max": 15.6481,
            "p(90)": 0,
            "p(95)": 0
        },
        "checks": {
            "passes": 18573,
            "fails": 0,
            "value": 1
        },
        "http_req_receiving": {
            "min": 0,
            "med": 0.029,
            "max": 14.6743,
            "p(90)": 0.9005799999999999,
            "p(95)": 0.9998,
            "avg": 0.2824851774080657
        },
        "http_req_duration": {
            "med": 11.5784,
            "max": 173.1519,
            "p(90)": 58.18588,
            "p(95)": 77.82485999999994,
            "avg": 21.35479317288539,
            "min": 1.3641,
            "thresholds": {
                "p(95)<1500": false
            }
        },
        "data_received": {
            "count": 4271855,
            "rate": 28461.30410393569
        },
        "iterations": {
            "count": 18573,
            "rate": 123.7429175668176
        },
        "http_req_sending": {
            "min": 0,
            "med": 0,
            "max": 8.5182,
            "p(90)": 0,
            "p(95)": 0,
            "avg": 0.004160431809616111
        },
        "http_reqs": {
            "count": 18573,
            "rate": 123.7429175668176
        },
        "http_req_blocked": {
            "max": 15.6481,
            "p(90)": 0,
            "p(95)": 0,
            "avg": 0.0034940343509395357,
            "min": 0,
            "med": 0
        },
        "vus_max": {
            "value": 100,
            "min": 100,
            "max": 100
        },
        "iteration_duration": {
            "min": 301.4765,
            "med": 312.3639,
            "max": 473.9736,
            "p(90)": 359.66733999999997,
            "p(95)": 379.11087999999995,
            "avg": 322.2149237979882
        },
        "data_sent": {
            "rate": 13841.557761472992,
            "count": 2077527
        },
        "vus": {
            "max": 99,
            "value": 1,
            "min": 1
        },
        "http_req_failed": {
            "passes": 0,
            "fails": 18573,
            "thresholds": {
                "rate<0.03": false
            },
            "value": 0
        },
        "http_req_duration{expected_response:true}": {
            "avg": 21.35479317288539,
            "min": 1.3641,
            "med": 11.5784,
            "max": 173.1519,
            "p(90)": 58.18588,
            "p(95)": 77.82485999999994
        },
        "http_req_tls_handshaking": {
            "avg": 0,
            "min": 0,
            "med": 0,
            "max": 0,
            "p(90)": 0,
            "p(95)": 0
        },
        "http_req_waiting": {
            "p(95)": 77.40397999999995,
            "avg": 21.068147563667665,
            "min": 1.1529,
            "med": 11.2858,
            "max": 173.1519,
            "p(90)": 57.91327999999999
        }
    }
}